RepaymentID,LoanID,MemberID,MeetingID,PrincipalPaidUGX,InterestPaidUGX,LatePenaltyPaidUGX,TotalPaidUGX,PaymentDate,ReceiptNumber
REP-5001,LN-2026-001,MEM-004,MTG-2026-0010,66666,10000,0,76666,2026-08-09,REC-7439
REP-5002,LN-2026-001,MEM-004,MTG-2026-0010,66666,10000,0,76666,2026-09-03,REC-5631
REP-5003,LN-2026-001,MEM-004,MTG-2026-0012,66666,10000,0,76666,2026-09-28,REC-5343
REP-5004,LN-2026-002,MEM-007,MTG-2026-0010,100000,15000,0,115000,2026-08-14,REC-3817
REP-5005,LN-2026-002,MEM-007,MTG-2026-007,100000,15000,0,115000,2026-09-08,REC-8919
REP-5006,LN-2026-003,MEM-010,MTG-2026-0010,66666,10000,0,76666,2026-08-19,REC-7356
REP-5007,LN-2026-004,MEM-013,MTG-2026-004,66666,10000,0,76666,2026-08-24,REC-9955
REP-5008,LN-2026-004,MEM-013,MTG-2026-004,66666,10000,0,76666,2026-09-18,REC-9536
REP-5009,LN-2026-005,MEM-016,MTG-2026-009,66666,10000,0,76666,2026-08-29,REC-6612
REP-5010,LN-2026-005,MEM-016,MTG-2026-008,66666,10000,0,76666,2026-09-23,REC-4425
REP-5011,LN-2026-006,MEM-019,MTG-2026-0011,66666,10000,0,76666,2026-09-03,REC-4940
REP-5012,LN-2026-007,MEM-022,MTG-2026-007,33333,5000,0,38333,2026-09-08,REC-6973
REP-5013,LN-2026-007,MEM-022,MTG-2026-009,33333,5000,0,38333,2026-10-03,REC-4420
REP-5014,LN-2026-008,MEM-025,MTG-2026-0010,33333,5000,0,38333,2026-09-13,REC-8900
