MeetingID,MeetingDate,CycleNumber,MeetingNumber,VenueLocation,RecordedBy,TotalMembersPresent,TotalSharesBoughtThisMeeting,TotalSavingsCollectedUGX,TotalWelfareCollectedUGX,TotalFinesCollectedUGX
MTG-2026-001,2026-07-03,1,1,Pece Primary School Ground,Secretary - Adong Grace,30,85,170000,30000,6000
MTG-2026-002,2026-07-10,1,2,Pece Primary School Ground,Secretary - Adong Grace,27,87,174000,27000,0
MTG-2026-003,2026-07-17,1,3,Pece Primary School Ground,Secretary - Adong Grace,24,68,136000,24000,2000
MTG-2026-004,2026-07-24,1,4,Pece Primary School Ground,Secretary - Adong Grace,24,71,142000,24000,4000
MTG-2026-005,2026-07-31,1,5,Pece Primary School Ground,Secretary - Adong Grace,28,83,166000,28000,4000
MTG-2026-006,2026-08-07,1,6,Pece Primary School Ground,Secretary - Adong Grace,30,86,172000,30000,4000
MTG-2026-007,2026-08-14,1,7,Pece Primary School Ground,Secretary - Adong Grace,26,83,166000,26000,4000
MTG-2026-008,2026-08-21,1,8,Pece Primary School Ground,Secretary - Adong Grace,29,104,208000,29000,8000
MTG-2026-009,2026-08-28,1,9,Pece Primary School Ground,Secretary - Adong Grace,26,81,162000,26000,2000
MTG-2026-010,2026-09-04,1,10,Pece Primary School Ground,Secretary - Adong Grace,27,83,166000,27000,0
MTG-2026-011,2026-09-11,1,11,Pece Primary School Ground,Secretary - Adong Grace,27,79,158000,27000,2000
MTG-2026-012,2026-09-18,1,12,Pece Primary School Ground,Secretary - Adong Grace,27,81,162000,27000,2000
