TransactionID,MeetingID,MemberID,SharesBought,ShareValueUGX,TotalSavingsUGX,WelfareFundUGX,FineAmountUGX,FineReason,RecordedTimestamp
TXN-1001,MTG-2026-001,MEM-006,2,2000,4000,1000,0,,2026-07-03T14:30:00
TXN-1002,MTG-2026-001,MEM-011,1,2000,2000,1000,0,,2026-07-03T14:30:00
TXN-1003,MTG-2026-001,MEM-002,4,2000,8000,1000,0,,2026-07-03T14:30:00
TXN-1004,MTG-2026-001,MEM-008,3,2000,6000,1000,0,,2026-07-03T14:30:00
TXN-1005,MTG-2026-001,MEM-025,4,2000,8000,1000,0,,2026-07-03T14:30:00
TXN-1006,MTG-2026-001,MEM-004,5,2000,10000,1000,0,,2026-07-03T14:30:00
TXN-1007,MTG-2026-001,MEM-016,3,2000,6000,1000,2000,Late arrival to meeting,2026-07-03T14:30:00
TXN-1008,MTG-2026-001,MEM-017,5,2000,10000,1000,0,,2026-07-03T14:30:00
TXN-1009,MTG-2026-001,MEM-023,1,2000,2000,1000,0,,2026-07-03T14:30:00
TXN-1010,MTG-2026-001,MEM-030,5,2000,10000,1000,0,,2026-07-03T14:30:00
TXN-1011,MTG-2026-001,MEM-013,2,2000,4000,1000,0,,2026-07-03T14:30:00
TXN-1012,MTG-2026-001,MEM-022,3,2000,6000,1000,0,,2026-07-03T14:30:00
TXN-1013,MTG-2026-001,MEM-027,2,2000,4000,1000,0,,2026-07-03T14:30:00
TXN-1014,MTG-2026-001,MEM-009,4,2000,8000,1000,2000,Late arrival to meeting,2026-07-03T14:30:00
TXN-1015,MTG-2026-001,MEM-029,1,2000,2000,1000,0,,2026-07-03T14:30:00
TXN-1016,MTG-2026-001,MEM-003,5,2000,10000,1000,0,,2026-07-03T14:30:00
TXN-1017,MTG-2026-001,MEM-024,5,2000,10000,1000,0,,2026-07-03T14:30:00
TXN-1018,MTG-2026-001,MEM-020,1,2000,2000,1000,0,,2026-07-03T14:30:00
TXN-1019,MTG-2026-001,MEM-010,4,2000,8000,1000,2000,Late arrival to meeting,2026-07-03T14:30:00
TXN-1020,MTG-2026-001,MEM-012,1,2000,2000,1000,0,,2026-07-03T14:30:00
TXN-1021,MTG-2026-001,MEM-007,1,2000,2000,1000,0,,2026-07-03T14:30:00
TXN-1022,MTG-2026-001,MEM-026,3,2000,6000,1000,0,,2026-07-03T14:30:00
TXN-1023,MTG-2026-001,MEM-028,4,2000,8000,1000,0,,2026-07-03T14:30:00
TXN-1024,MTG-2026-001,MEM-005,1,2000,2000,1000,0,,2026-07-03T14:30:00
TXN-1025,MTG-2026-001,MEM-015,5,2000,10000,1000,0,,2026-07-03T14:30:00
TXN-1026,MTG-2026-001,MEM-021,1,2000,2000,1000,0,,2026-07-03T14:30:00
TXN-1027,MTG-2026-001,MEM-014,1,2000,2000,1000,0,,2026-07-03T14:30:00
TXN-1028,MTG-2026-001,MEM-019,4,2000,8000,1000,0,,2026-07-03T14:30:00
TXN-1029,MTG-2026-001,MEM-018,3,2000,6000,1000,0,,2026-07-03T14:30:00
TXN-1030,MTG-2026-001,MEM-001,1,2000,2000,1000,0,,2026-07-03T14:30:00
TXN-1031,MTG-2026-002,MEM-014,3,2000,6000,1000,0,,2026-07-10T14:30:00
TXN-1032,MTG-2026-002,MEM-019,3,2000,6000,1000,0,,2026-07-10T14:30:00
TXN-1033,MTG-2026-002,MEM-001,2,2000,4000,1000,0,,2026-07-10T14:30:00
TXN-1034,MTG-2026-002,MEM-027,2,2000,4000,1000,0,,2026-07-10T14:30:00
TXN-1035,MTG-2026-002,MEM-008,3,2000,6000,1000,0,,2026-07-10T14:30:00
TXN-1036,MTG-2026-002,MEM-018,3,2000,6000,1000,0,,2026-07-10T14:30:00
TXN-1037,MTG-2026-002,MEM-007,2,2000,4000,1000,0,,2026-07-10T14:30:00
TXN-1038,MTG-2026-002,MEM-012,4,2000,8000,1000,0,,2026-07-10T14:30:00
TXN-1039,MTG-2026-002,MEM-011,4,2000,8000,1000,0,,2026-07-10T14:30:00
TXN-1040,MTG-2026-002,MEM-022,2,2000,4000,1000,0,,2026-07-10T14:30:00
TXN-1041,MTG-2026-002,MEM-017,1,2000,2000,1000,0,,2026-07-10T14:30:00
TXN-1042,MTG-2026-002,MEM-020,4,2000,8000,1000,0,,2026-07-10T14:30:00
TXN-1043,MTG-2026-002,MEM-025,3,2000,6000,1000,0,,2026-07-10T14:30:00
TXN-1044,MTG-2026-002,MEM-004,5,2000,10000,1000,0,,2026-07-10T14:30:00
TXN-1045,MTG-2026-002,MEM-015,4,2000,8000,1000,0,,2026-07-10T14:30:00
TXN-1046,MTG-2026-002,MEM-024,4,2000,8000,1000,0,,2026-07-10T14:30:00
TXN-1047,MTG-2026-002,MEM-013,4,2000,8000,1000,0,,2026-07-10T14:30:00
TXN-1048,MTG-2026-002,MEM-021,5,2000,10000,1000,0,,2026-07-10T14:30:00
TXN-1049,MTG-2026-002,MEM-026,3,2000,6000,1000,0,,2026-07-10T14:30:00
TXN-1050,MTG-2026-002,MEM-023,3,2000,6000,1000,0,,2026-07-10T14:30:00
TXN-1051,MTG-2026-002,MEM-006,2,2000,4000,1000,0,,2026-07-10T14:30:00
TXN-1052,MTG-2026-002,MEM-028,5,2000,10000,1000,0,,2026-07-10T14:30:00
TXN-1053,MTG-2026-002,MEM-016,4,2000,8000,1000,0,,2026-07-10T14:30:00
TXN-1054,MTG-2026-002,MEM-002,5,2000,10000,1000,0,,2026-07-10T14:30:00
TXN-1055,MTG-2026-002,MEM-010,3,2000,6000,1000,0,,2026-07-10T14:30:00
TXN-1056,MTG-2026-002,MEM-003,3,2000,6000,1000,0,,2026-07-10T14:30:00
TXN-1057,MTG-2026-002,MEM-009,1,2000,2000,1000,0,,2026-07-10T14:30:00
TXN-1058,MTG-2026-003,MEM-030,4,2000,8000,1000,0,,2026-07-17T14:30:00
TXN-1059,MTG-2026-003,MEM-013,4,2000,8000,1000,0,,2026-07-17T14:30:00
TXN-1060,MTG-2026-003,MEM-015,4,2000,8000,1000,2000,Late arrival to meeting,2026-07-17T14:30:00
TXN-1061,MTG-2026-003,MEM-025,4,2000,8000,1000,0,,2026-07-17T14:30:00
TXN-1062,MTG-2026-003,MEM-007,1,2000,2000,1000,0,,2026-07-17T14:30:00
TXN-1063,MTG-2026-003,MEM-017,3,2000,6000,1000,0,,2026-07-17T14:30:00
TXN-1064,MTG-2026-003,MEM-027,3,2000,6000,1000,0,,2026-07-17T14:30:00
TXN-1065,MTG-2026-003,MEM-022,2,2000,4000,1000,0,,2026-07-17T14:30:00
TXN-1066,MTG-2026-003,MEM-023,2,2000,4000,1000,0,,2026-07-17T14:30:00
TXN-1067,MTG-2026-003,MEM-018,3,2000,6000,1000,0,,2026-07-17T14:30:00
TXN-1068,MTG-2026-003,MEM-011,2,2000,4000,1000,0,,2026-07-17T14:30:00
TXN-1069,MTG-2026-003,MEM-003,1,2000,2000,1000,0,,2026-07-17T14:30:00
TXN-1070,MTG-2026-003,MEM-006,1,2000,2000,1000,0,,2026-07-17T14:30:00
TXN-1071,MTG-2026-003,MEM-024,1,2000,2000,1000,0,,2026-07-17T14:30:00
TXN-1072,MTG-2026-003,MEM-001,5,2000,10000,1000,0,,2026-07-17T14:30:00
TXN-1073,MTG-2026-003,MEM-016,3,2000,6000,1000,0,,2026-07-17T14:30:00
TXN-1074,MTG-2026-003,MEM-012,1,2000,2000,1000,0,,2026-07-17T14:30:00
TXN-1075,MTG-2026-003,MEM-002,5,2000,10000,1000,0,,2026-07-17T14:30:00
TXN-1076,MTG-2026-003,MEM-028,1,2000,2000,1000,0,,2026-07-17T14:30:00
TXN-1077,MTG-2026-003,MEM-029,2,2000,4000,1000,0,,2026-07-17T14:30:00
TXN-1078,MTG-2026-003,MEM-021,5,2000,10000,1000,0,,2026-07-17T14:30:00
TXN-1079,MTG-2026-003,MEM-008,3,2000,6000,1000,0,,2026-07-17T14:30:00
TXN-1080,MTG-2026-003,MEM-009,4,2000,8000,1000,0,,2026-07-17T14:30:00
TXN-1081,MTG-2026-003,MEM-020,4,2000,8000,1000,0,,2026-07-17T14:30:00
TXN-1082,MTG-2026-004,MEM-017,4,2000,8000,1000,0,,2026-07-24T14:30:00
TXN-1083,MTG-2026-004,MEM-013,4,2000,8000,1000,0,,2026-07-24T14:30:00
TXN-1084,MTG-2026-004,MEM-024,2,2000,4000,1000,0,,2026-07-24T14:30:00
TXN-1085,MTG-2026-004,MEM-012,4,2000,8000,1000,0,,2026-07-24T14:30:00
TXN-1086,MTG-2026-004,MEM-014,3,2000,6000,1000,0,,2026-07-24T14:30:00
TXN-1087,MTG-2026-004,MEM-019,2,2000,4000,1000,0,,2026-07-24T14:30:00
TXN-1088,MTG-2026-004,MEM-022,3,2000,6000,1000,0,,2026-07-24T14:30:00
TXN-1089,MTG-2026-004,MEM-002,1,2000,2000,1000,0,,2026-07-24T14:30:00
TXN-1090,MTG-2026-004,MEM-021,3,2000,6000,1000,0,,2026-07-24T14:30:00
TXN-1091,MTG-2026-004,MEM-020,1,2000,2000,1000,2000,Late arrival to meeting,2026-07-24T14:30:00
TXN-1092,MTG-2026-004,MEM-011,1,2000,2000,1000,0,,2026-07-24T14:30:00
TXN-1093,MTG-2026-004,MEM-009,1,2000,2000,1000,0,,2026-07-24T14:30:00
TXN-1094,MTG-2026-004,MEM-006,2,2000,4000,1000,0,,2026-07-24T14:30:00
TXN-1095,MTG-2026-004,MEM-028,4,2000,8000,1000,0,,2026-07-24T14:30:00
TXN-1096,MTG-2026-004,MEM-026,1,2000,2000,1000,2000,Late arrival to meeting,2026-07-24T14:30:00
TXN-1097,MTG-2026-004,MEM-015,3,2000,6000,1000,0,,2026-07-24T14:30:00
TXN-1098,MTG-2026-004,MEM-004,4,2000,8000,1000,0,,2026-07-24T14:30:00
TXN-1099,MTG-2026-004,MEM-030,3,2000,6000,1000,0,,2026-07-24T14:30:00
TXN-1100,MTG-2026-004,MEM-003,5,2000,10000,1000,0,,2026-07-24T14:30:00
TXN-1101,MTG-2026-004,MEM-016,5,2000,10000,1000,0,,2026-07-24T14:30:00
TXN-1102,MTG-2026-004,MEM-018,5,2000,10000,1000,0,,2026-07-24T14:30:00
TXN-1103,MTG-2026-004,MEM-025,1,2000,2000,1000,0,,2026-07-24T14:30:00
TXN-1104,MTG-2026-004,MEM-005,4,2000,8000,1000,0,,2026-07-24T14:30:00
TXN-1105,MTG-2026-004,MEM-029,5,2000,10000,1000,0,,2026-07-24T14:30:00
TXN-1106,MTG-2026-005,MEM-019,1,2000,2000,1000,0,,2026-07-31T14:30:00
TXN-1107,MTG-2026-005,MEM-020,5,2000,10000,1000,0,,2026-07-31T14:30:00
TXN-1108,MTG-2026-005,MEM-028,3,2000,6000,1000,0,,2026-07-31T14:30:00
TXN-1109,MTG-2026-005,MEM-016,5,2000,10000,1000,2000,Late arrival to meeting,2026-07-31T14:30:00
TXN-1110,MTG-2026-005,MEM-013,4,2000,8000,1000,0,,2026-07-31T14:30:00
TXN-1111,MTG-2026-005,MEM-029,1,2000,2000,1000,0,,2026-07-31T14:30:00
TXN-1112,MTG-2026-005,MEM-009,4,2000,8000,1000,0,,2026-07-31T14:30:00
TXN-1113,MTG-2026-005,MEM-017,2,2000,4000,1000,0,,2026-07-31T14:30:00
TXN-1114,MTG-2026-005,MEM-014,2,2000,4000,1000,0,,2026-07-31T14:30:00
TXN-1115,MTG-2026-005,MEM-030,1,2000,2000,1000,0,,2026-07-31T14:30:00
TXN-1116,MTG-2026-005,MEM-003,2,2000,4000,1000,0,,2026-07-31T14:30:00
TXN-1117,MTG-2026-005,MEM-022,3,2000,6000,1000,0,,2026-07-31T14:30:00
TXN-1118,MTG-2026-005,MEM-026,2,2000,4000,1000,0,,2026-07-31T14:30:00
TXN-1119,MTG-2026-005,MEM-025,2,2000,4000,1000,2000,Late arrival to meeting,2026-07-31T14:30:00
TXN-1120,MTG-2026-005,MEM-018,3,2000,6000,1000,0,,2026-07-31T14:30:00
TXN-1121,MTG-2026-005,MEM-027,1,2000,2000,1000,0,,2026-07-31T14:30:00
TXN-1122,MTG-2026-005,MEM-008,3,2000,6000,1000,0,,2026-07-31T14:30:00
TXN-1123,MTG-2026-005,MEM-001,5,2000,10000,1000,0,,2026-07-31T14:30:00
TXN-1124,MTG-2026-005,MEM-015,3,2000,6000,1000,0,,2026-07-31T14:30:00
TXN-1125,MTG-2026-005,MEM-021,2,2000,4000,1000,0,,2026-07-31T14:30:00
TXN-1126,MTG-2026-005,MEM-011,3,2000,6000,1000,0,,2026-07-31T14:30:00
TXN-1127,MTG-2026-005,MEM-024,5,2000,10000,1000,0,,2026-07-31T14:30:00
TXN-1128,MTG-2026-005,MEM-023,4,2000,8000,1000,0,,2026-07-31T14:30:00
TXN-1129,MTG-2026-005,MEM-010,1,2000,2000,1000,0,,2026-07-31T14:30:00
TXN-1130,MTG-2026-005,MEM-006,4,2000,8000,1000,0,,2026-07-31T14:30:00
TXN-1131,MTG-2026-005,MEM-004,5,2000,10000,1000,0,,2026-07-31T14:30:00
TXN-1132,MTG-2026-005,MEM-007,5,2000,10000,1000,0,,2026-07-31T14:30:00
TXN-1133,MTG-2026-005,MEM-012,2,2000,4000,1000,0,,2026-07-31T14:30:00
TXN-1134,MTG-2026-006,MEM-015,3,2000,6000,1000,0,,2026-08-07T14:30:00
TXN-1135,MTG-2026-006,MEM-021,3,2000,6000,1000,0,,2026-08-07T14:30:00
TXN-1136,MTG-2026-006,MEM-012,1,2000,2000,1000,0,,2026-08-07T14:30:00
TXN-1137,MTG-2026-006,MEM-026,3,2000,6000,1000,0,,2026-08-07T14:30:00
TXN-1138,MTG-2026-006,MEM-002,2,2000,4000,1000,0,,2026-08-07T14:30:00
TXN-1139,MTG-2026-006,MEM-023,1,2000,2000,1000,0,,2026-08-07T14:30:00
TXN-1140,MTG-2026-006,MEM-006,4,2000,8000,1000,0,,2026-08-07T14:30:00
TXN-1141,MTG-2026-006,MEM-008,2,2000,4000,1000,0,,2026-08-07T14:30:00
TXN-1142,MTG-2026-006,MEM-024,5,2000,10000,1000,0,,2026-08-07T14:30:00
TXN-1143,MTG-2026-006,MEM-027,1,2000,2000,1000,2000,Late arrival to meeting,2026-08-07T14:30:00
TXN-1144,MTG-2026-006,MEM-014,5,2000,10000,1000,0,,2026-08-07T14:30:00
TXN-1145,MTG-2026-006,MEM-003,3,2000,6000,1000,0,,2026-08-07T14:30:00
TXN-1146,MTG-2026-006,MEM-009,4,2000,8000,1000,0,,2026-08-07T14:30:00
TXN-1147,MTG-2026-006,MEM-017,1,2000,2000,1000,0,,2026-08-07T14:30:00
TXN-1148,MTG-2026-006,MEM-019,5,2000,10000,1000,0,,2026-08-07T14:30:00
TXN-1149,MTG-2026-006,MEM-025,1,2000,2000,1000,0,,2026-08-07T14:30:00
TXN-1150,MTG-2026-006,MEM-022,1,2000,2000,1000,0,,2026-08-07T14:30:00
TXN-1151,MTG-2026-006,MEM-005,5,2000,10000,1000,0,,2026-08-07T14:30:00
TXN-1152,MTG-2026-006,MEM-001,2,2000,4000,1000,2000,Late arrival to meeting,2026-08-07T14:30:00
TXN-1153,MTG-2026-006,MEM-007,3,2000,6000,1000,0,,2026-08-07T14:30:00
TXN-1154,MTG-2026-006,MEM-030,2,2000,4000,1000,0,,2026-08-07T14:30:00
TXN-1155,MTG-2026-006,MEM-011,3,2000,6000,1000,0,,2026-08-07T14:30:00
TXN-1156,MTG-2026-006,MEM-029,3,2000,6000,1000,0,,2026-08-07T14:30:00
TXN-1157,MTG-2026-006,MEM-016,4,2000,8000,1000,0,,2026-08-07T14:30:00
TXN-1158,MTG-2026-006,MEM-020,3,2000,6000,1000,0,,2026-08-07T14:30:00
TXN-1159,MTG-2026-006,MEM-010,5,2000,10000,1000,0,,2026-08-07T14:30:00
TXN-1160,MTG-2026-006,MEM-018,1,2000,2000,1000,0,,2026-08-07T14:30:00
TXN-1161,MTG-2026-006,MEM-004,3,2000,6000,1000,0,,2026-08-07T14:30:00
TXN-1162,MTG-2026-006,MEM-013,4,2000,8000,1000,0,,2026-08-07T14:30:00
TXN-1163,MTG-2026-006,MEM-028,3,2000,6000,1000,0,,2026-08-07T14:30:00
TXN-1164,MTG-2026-007,MEM-017,5,2000,10000,1000,0,,2026-08-14T14:30:00
TXN-1165,MTG-2026-007,MEM-011,2,2000,4000,1000,0,,2026-08-14T14:30:00
TXN-1166,MTG-2026-007,MEM-016,1,2000,2000,1000,2000,Late arrival to meeting,2026-08-14T14:30:00
TXN-1167,MTG-2026-007,MEM-018,3,2000,6000,1000,2000,Late arrival to meeting,2026-08-14T14:30:00
TXN-1168,MTG-2026-007,MEM-015,1,2000,2000,1000,0,,2026-08-14T14:30:00
TXN-1169,MTG-2026-007,MEM-010,1,2000,2000,1000,0,,2026-08-14T14:30:00
TXN-1170,MTG-2026-007,MEM-029,5,2000,10000,1000,0,,2026-08-14T14:30:00
TXN-1171,MTG-2026-007,MEM-014,5,2000,10000,1000,0,,2026-08-14T14:30:00
TXN-1172,MTG-2026-007,MEM-021,3,2000,6000,1000,0,,2026-08-14T14:30:00
TXN-1173,MTG-2026-007,MEM-027,4,2000,8000,1000,0,,2026-08-14T14:30:00
TXN-1174,MTG-2026-007,MEM-026,4,2000,8000,1000,0,,2026-08-14T14:30:00
TXN-1175,MTG-2026-007,MEM-013,3,2000,6000,1000,0,,2026-08-14T14:30:00
TXN-1176,MTG-2026-007,MEM-003,3,2000,6000,1000,0,,2026-08-14T14:30:00
TXN-1177,MTG-2026-007,MEM-020,5,2000,10000,1000,0,,2026-08-14T14:30:00
TXN-1178,MTG-2026-007,MEM-024,4,2000,8000,1000,0,,2026-08-14T14:30:00
TXN-1179,MTG-2026-007,MEM-019,5,2000,10000,1000,0,,2026-08-14T14:30:00
TXN-1180,MTG-2026-007,MEM-030,3,2000,6000,1000,0,,2026-08-14T14:30:00
TXN-1181,MTG-2026-007,MEM-028,2,2000,4000,1000,0,,2026-08-14T14:30:00
TXN-1182,MTG-2026-007,MEM-012,3,2000,6000,1000,0,,2026-08-14T14:30:00
TXN-1183,MTG-2026-007,MEM-009,4,2000,8000,1000,0,,2026-08-14T14:30:00
TXN-1184,MTG-2026-007,MEM-005,2,2000,4000,1000,0,,2026-08-14T14:30:00
TXN-1185,MTG-2026-007,MEM-001,3,2000,6000,1000,0,,2026-08-14T14:30:00
TXN-1186,MTG-2026-007,MEM-006,5,2000,10000,1000,0,,2026-08-14T14:30:00
TXN-1187,MTG-2026-007,MEM-008,4,2000,8000,1000,0,,2026-08-14T14:30:00
TXN-1188,MTG-2026-007,MEM-023,1,2000,2000,1000,0,,2026-08-14T14:30:00
TXN-1189,MTG-2026-007,MEM-007,2,2000,4000,1000,0,,2026-08-14T14:30:00
TXN-1190,MTG-2026-008,MEM-006,5,2000,10000,1000,2000,Late arrival to meeting,2026-08-21T14:30:00
TXN-1191,MTG-2026-008,MEM-010,2,2000,4000,1000,2000,Late arrival to meeting,2026-08-21T14:30:00
TXN-1192,MTG-2026-008,MEM-030,4,2000,8000,1000,0,,2026-08-21T14:30:00
TXN-1193,MTG-2026-008,MEM-015,1,2000,2000,1000,0,,2026-08-21T14:30:00
TXN-1194,MTG-2026-008,MEM-027,5,2000,10000,1000,0,,2026-08-21T14:30:00
TXN-1195,MTG-2026-008,MEM-021,5,2000,10000,1000,0,,2026-08-21T14:30:00
TXN-1196,MTG-2026-008,MEM-008,5,2000,10000,1000,0,,2026-08-21T14:30:00
TXN-1197,MTG-2026-008,MEM-025,5,2000,10000,1000,0,,2026-08-21T14:30:00
TXN-1198,MTG-2026-008,MEM-022,5,2000,10000,1000,0,,2026-08-21T14:30:00
TXN-1199,MTG-2026-008,MEM-004,5,2000,10000,1000,0,,2026-08-21T14:30:00
TXN-1200,MTG-2026-008,MEM-011,2,2000,4000,1000,0,,2026-08-21T14:30:00
TXN-1201,MTG-2026-008,MEM-024,3,2000,6000,1000,0,,2026-08-21T14:30:00
TXN-1202,MTG-2026-008,MEM-029,2,2000,4000,1000,0,,2026-08-21T14:30:00
TXN-1203,MTG-2026-008,MEM-016,5,2000,10000,1000,0,,2026-08-21T14:30:00
TXN-1204,MTG-2026-008,MEM-007,5,2000,10000,1000,0,,2026-08-21T14:30:00
TXN-1205,MTG-2026-008,MEM-009,3,2000,6000,1000,0,,2026-08-21T14:30:00
TXN-1206,MTG-2026-008,MEM-020,3,2000,6000,1000,0,,2026-08-21T14:30:00
TXN-1207,MTG-2026-008,MEM-012,5,2000,10000,1000,0,,2026-08-21T14:30:00
TXN-1208,MTG-2026-008,MEM-013,2,2000,4000,1000,0,,2026-08-21T14:30:00
TXN-1209,MTG-2026-008,MEM-003,3,2000,6000,1000,0,,2026-08-21T14:30:00
TXN-1210,MTG-2026-008,MEM-017,2,2000,4000,1000,0,,2026-08-21T14:30:00
TXN-1211,MTG-2026-008,MEM-014,1,2000,2000,1000,2000,Late arrival to meeting,2026-08-21T14:30:00
TXN-1212,MTG-2026-008,MEM-019,5,2000,10000,1000,0,,2026-08-21T14:30:00
TXN-1213,MTG-2026-008,MEM-026,5,2000,10000,1000,0,,2026-08-21T14:30:00
TXN-1214,MTG-2026-008,MEM-005,4,2000,8000,1000,0,,2026-08-21T14:30:00
TXN-1215,MTG-2026-008,MEM-002,4,2000,8000,1000,0,,2026-08-21T14:30:00
TXN-1216,MTG-2026-008,MEM-018,2,2000,4000,1000,0,,2026-08-21T14:30:00
TXN-1217,MTG-2026-008,MEM-028,1,2000,2000,1000,0,,2026-08-21T14:30:00
TXN-1218,MTG-2026-008,MEM-001,5,2000,10000,1000,2000,Late arrival to meeting,2026-08-21T14:30:00
TXN-1219,MTG-2026-009,MEM-026,4,2000,8000,1000,0,,2026-08-28T14:30:00
TXN-1220,MTG-2026-009,MEM-002,3,2000,6000,1000,0,,2026-08-28T14:30:00
TXN-1221,MTG-2026-009,MEM-017,3,2000,6000,1000,0,,2026-08-28T14:30:00
TXN-1222,MTG-2026-009,MEM-019,1,2000,2000,1000,0,,2026-08-28T14:30:00
TXN-1223,MTG-2026-009,MEM-018,1,2000,2000,1000,0,,2026-08-28T14:30:00
TXN-1224,MTG-2026-009,MEM-024,4,2000,8000,1000,0,,2026-08-28T14:30:00
TXN-1225,MTG-2026-009,MEM-006,4,2000,8000,1000,2000,Late arrival to meeting,2026-08-28T14:30:00
TXN-1226,MTG-2026-009,MEM-027,4,2000,8000,1000,0,,2026-08-28T14:30:00
TXN-1227,MTG-2026-009,MEM-016,1,2000,2000,1000,0,,2026-08-28T14:30:00
TXN-1228,MTG-2026-009,MEM-028,3,2000,6000,1000,0,,2026-08-28T14:30:00
TXN-1229,MTG-2026-009,MEM-014,5,2000,10000,1000,0,,2026-08-28T14:30:00
TXN-1230,MTG-2026-009,MEM-011,1,2000,2000,1000,0,,2026-08-28T14:30:00
TXN-1231,MTG-2026-009,MEM-025,5,2000,10000,1000,0,,2026-08-28T14:30:00
TXN-1232,MTG-2026-009,MEM-023,1,2000,2000,1000,0,,2026-08-28T14:30:00
TXN-1233,MTG-2026-009,MEM-021,3,2000,6000,1000,0,,2026-08-28T14:30:00
TXN-1234,MTG-2026-009,MEM-005,2,2000,4000,1000,0,,2026-08-28T14:30:00
TXN-1235,MTG-2026-009,MEM-012,1,2000,2000,1000,0,,2026-08-28T14:30:00
TXN-1236,MTG-2026-009,MEM-022,3,2000,6000,1000,0,,2026-08-28T14:30:00
TXN-1237,MTG-2026-009,MEM-029,5,2000,10000,1000,0,,2026-08-28T14:30:00
TXN-1238,MTG-2026-009,MEM-030,5,2000,10000,1000,0,,2026-08-28T14:30:00
TXN-1239,MTG-2026-009,MEM-008,1,2000,2000,1000,0,,2026-08-28T14:30:00
TXN-1240,MTG-2026-009,MEM-009,3,2000,6000,1000,0,,2026-08-28T14:30:00
TXN-1241,MTG-2026-009,MEM-013,5,2000,10000,1000,0,,2026-08-28T14:30:00
TXN-1242,MTG-2026-009,MEM-001,4,2000,8000,1000,0,,2026-08-28T14:30:00
TXN-1243,MTG-2026-009,MEM-007,5,2000,10000,1000,0,,2026-08-28T14:30:00
TXN-1244,MTG-2026-009,MEM-010,4,2000,8000,1000,0,,2026-08-28T14:30:00
TXN-1245,MTG-2026-010,MEM-003,1,2000,2000,1000,0,,2026-09-04T14:30:00
TXN-1246,MTG-2026-010,MEM-014,2,2000,4000,1000,0,,2026-09-04T14:30:00
TXN-1247,MTG-2026-010,MEM-019,5,2000,10000,1000,0,,2026-09-04T14:30:00
TXN-1248,MTG-2026-010,MEM-011,3,2000,6000,1000,0,,2026-09-04T14:30:00
TXN-1249,MTG-2026-010,MEM-007,3,2000,6000,1000,0,,2026-09-04T14:30:00
TXN-1250,MTG-2026-010,MEM-009,1,2000,2000,1000,0,,2026-09-04T14:30:00
TXN-1251,MTG-2026-010,MEM-005,1,2000,2000,1000,0,,2026-09-04T14:30:00
TXN-1252,MTG-2026-010,MEM-015,3,2000,6000,1000,0,,2026-09-04T14:30:00
TXN-1253,MTG-2026-010,MEM-004,5,2000,10000,1000,0,,2026-09-04T14:30:00
TXN-1254,MTG-2026-010,MEM-008,2,2000,4000,1000,0,,2026-09-04T14:30:00
TXN-1255,MTG-2026-010,MEM-001,3,2000,6000,1000,0,,2026-09-04T14:30:00
TXN-1256,MTG-2026-010,MEM-006,3,2000,6000,1000,0,,2026-09-04T14:30:00
TXN-1257,MTG-2026-010,MEM-020,5,2000,10000,1000,0,,2026-09-04T14:30:00
TXN-1258,MTG-2026-010,MEM-028,4,2000,8000,1000,0,,2026-09-04T14:30:00
TXN-1259,MTG-2026-010,MEM-025,5,2000,10000,1000,0,,2026-09-04T14:30:00
TXN-1260,MTG-2026-010,MEM-024,2,2000,4000,1000,0,,2026-09-04T14:30:00
TXN-1261,MTG-2026-010,MEM-010,3,2000,6000,1000,0,,2026-09-04T14:30:00
TXN-1262,MTG-2026-010,MEM-016,1,2000,2000,1000,0,,2026-09-04T14:30:00
TXN-1263,MTG-2026-010,MEM-027,5,2000,10000,1000,0,,2026-09-04T14:30:00
TXN-1264,MTG-2026-010,MEM-026,4,2000,8000,1000,0,,2026-09-04T14:30:00
TXN-1265,MTG-2026-010,MEM-017,1,2000,2000,1000,0,,2026-09-04T14:30:00
TXN-1266,MTG-2026-010,MEM-018,3,2000,6000,1000,0,,2026-09-04T14:30:00
TXN-1267,MTG-2026-010,MEM-030,3,2000,6000,1000,0,,2026-09-04T14:30:00
TXN-1268,MTG-2026-010,MEM-023,5,2000,10000,1000,0,,2026-09-04T14:30:00
TXN-1269,MTG-2026-010,MEM-021,2,2000,4000,1000,0,,2026-09-04T14:30:00
TXN-1270,MTG-2026-010,MEM-029,4,2000,8000,1000,0,,2026-09-04T14:30:00
TXN-1271,MTG-2026-010,MEM-002,4,2000,8000,1000,0,,2026-09-04T14:30:00
TXN-1272,MTG-2026-011,MEM-028,1,2000,2000,1000,0,,2026-09-11T14:30:00
TXN-1273,MTG-2026-011,MEM-016,2,2000,4000,1000,0,,2026-09-11T14:30:00
TXN-1274,MTG-2026-011,MEM-020,3,2000,6000,1000,0,,2026-09-11T14:30:00
TXN-1275,MTG-2026-011,MEM-005,1,2000,2000,1000,0,,2026-09-11T14:30:00
TXN-1276,MTG-2026-011,MEM-014,3,2000,6000,1000,0,,2026-09-11T14:30:00
TXN-1277,MTG-2026-011,MEM-023,1,2000,2000,1000,0,,2026-09-11T14:30:00
TXN-1278,MTG-2026-011,MEM-001,5,2000,10000,1000,0,,2026-09-11T14:30:00
TXN-1279,MTG-2026-011,MEM-018,4,2000,8000,1000,0,,2026-09-11T14:30:00
TXN-1280,MTG-2026-011,MEM-027,3,2000,6000,1000,0,,2026-09-11T14:30:00
TXN-1281,MTG-2026-011,MEM-015,4,2000,8000,1000,0,,2026-09-11T14:30:00
TXN-1282,MTG-2026-011,MEM-008,1,2000,2000,1000,0,,2026-09-11T14:30:00
TXN-1283,MTG-2026-011,MEM-024,2,2000,4000,1000,0,,2026-09-11T14:30:00
TXN-1284,MTG-2026-011,MEM-019,3,2000,6000,1000,0,,2026-09-11T14:30:00
TXN-1285,MTG-2026-011,MEM-004,4,2000,8000,1000,2000,Late arrival to meeting,2026-09-11T14:30:00
TXN-1286,MTG-2026-011,MEM-006,3,2000,6000,1000,0,,2026-09-11T14:30:00
TXN-1287,MTG-2026-011,MEM-017,3,2000,6000,1000,0,,2026-09-11T14:30:00
TXN-1288,MTG-2026-011,MEM-030,4,2000,8000,1000,0,,2026-09-11T14:30:00
TXN-1289,MTG-2026-011,MEM-013,1,2000,2000,1000,0,,2026-09-11T14:30:00
TXN-1290,MTG-2026-011,MEM-007,5,2000,10000,1000,0,,2026-09-11T14:30:00
TXN-1291,MTG-2026-011,MEM-021,2,2000,4000,1000,0,,2026-09-11T14:30:00
TXN-1292,MTG-2026-011,MEM-029,5,2000,10000,1000,0,,2026-09-11T14:30:00
TXN-1293,MTG-2026-011,MEM-010,5,2000,10000,1000,0,,2026-09-11T14:30:00
TXN-1294,MTG-2026-011,MEM-011,4,2000,8000,1000,0,,2026-09-11T14:30:00
TXN-1295,MTG-2026-011,MEM-022,4,2000,8000,1000,0,,2026-09-11T14:30:00
TXN-1296,MTG-2026-011,MEM-002,3,2000,6000,1000,0,,2026-09-11T14:30:00
TXN-1297,MTG-2026-011,MEM-025,2,2000,4000,1000,0,,2026-09-11T14:30:00
TXN-1298,MTG-2026-011,MEM-012,1,2000,2000,1000,0,,2026-09-11T14:30:00
TXN-1299,MTG-2026-012,MEM-004,5,2000,10000,1000,0,,2026-09-18T14:30:00
TXN-1300,MTG-2026-012,MEM-006,1,2000,2000,1000,0,,2026-09-18T14:30:00
TXN-1301,MTG-2026-012,MEM-013,2,2000,4000,1000,0,,2026-09-18T14:30:00
TXN-1302,MTG-2026-012,MEM-018,1,2000,2000,1000,0,,2026-09-18T14:30:00
TXN-1303,MTG-2026-012,MEM-003,1,2000,2000,1000,0,,2026-09-18T14:30:00
TXN-1304,MTG-2026-012,MEM-023,2,2000,4000,1000,0,,2026-09-18T14:30:00
TXN-1305,MTG-2026-012,MEM-001,5,2000,10000,1000,0,,2026-09-18T14:30:00
TXN-1306,MTG-2026-012,MEM-017,4,2000,8000,1000,0,,2026-09-18T14:30:00
TXN-1307,MTG-2026-012,MEM-020,5,2000,10000,1000,0,,2026-09-18T14:30:00
TXN-1308,MTG-2026-012,MEM-029,1,2000,2000,1000,0,,2026-09-18T14:30:00
TXN-1309,MTG-2026-012,MEM-008,2,2000,4000,1000,2000,Late arrival to meeting,2026-09-18T14:30:00
TXN-1310,MTG-2026-012,MEM-005,2,2000,4000,1000,0,,2026-09-18T14:30:00
TXN-1311,MTG-2026-012,MEM-024,4,2000,8000,1000,0,,2026-09-18T14:30:00
TXN-1312,MTG-2026-012,MEM-011,2,2000,4000,1000,0,,2026-09-18T14:30:00
TXN-1313,MTG-2026-012,MEM-016,2,2000,4000,1000,0,,2026-09-18T14:30:00
TXN-1314,MTG-2026-012,MEM-012,3,2000,6000,1000,0,,2026-09-18T14:30:00
TXN-1315,MTG-2026-012,MEM-030,5,2000,10000,1000,0,,2026-09-18T14:30:00
TXN-1316,MTG-2026-012,MEM-007,5,2000,10000,1000,0,,2026-09-18T14:30:00
TXN-1317,MTG-2026-012,MEM-019,4,2000,8000,1000,0,,2026-09-18T14:30:00
TXN-1318,MTG-2026-012,MEM-014,4,2000,8000,1000,0,,2026-09-18T14:30:00
TXN-1319,MTG-2026-012,MEM-021,2,2000,4000,1000,0,,2026-09-18T14:30:00
TXN-1320,MTG-2026-012,MEM-025,3,2000,6000,1000,0,,2026-09-18T14:30:00
TXN-1321,MTG-2026-012,MEM-009,5,2000,10000,1000,0,,2026-09-18T14:30:00
TXN-1322,MTG-2026-012,MEM-028,1,2000,2000,1000,0,,2026-09-18T14:30:00
TXN-1323,MTG-2026-012,MEM-027,3,2000,6000,1000,0,,2026-09-18T14:30:00
TXN-1324,MTG-2026-012,MEM-022,2,2000,4000,1000,0,,2026-09-18T14:30:00
TXN-1325,MTG-2026-012,MEM-015,5,2000,10000,1000,0,,2026-09-18T14:30:00
